problem_id,problem_description,submitted_by,created
0,No sirve el hMwDqGB,20,2022-05-05 14:15:34.743665
1,No sirve el qXRMnMK,28,2022-05-05 14:15:34.743665
2,No sirve el tVvqEDm,45,2022-05-05 14:15:34.743665
3,No sirve el cMJVIez,5,2022-05-05 14:15:34.743665
4,No sirve el zKKfdtK,35,2022-05-05 14:15:34.743665
5,No sirve el QvezDOa,24,2022-05-05 14:15:34.743665
6,No sirve el KWPbXOd,2,2022-05-05 14:15:34.743665
7,No sirve el CZBtaIq,28,2022-05-05 14:15:34.743665
8,No sirve el KDSYtfl,31,2022-05-05 14:15:34.743665
9,No sirve el WjSsnsQ,18,2022-05-05 14:15:34.743665
10,No sirve el GxpjCsj,49,2022-05-05 14:15:34.743665
11,No sirve el DUUGTJD,5,2022-05-05 14:15:34.743665
12,No sirve el CIWwokN,0,2022-05-05 14:15:34.743665
13,No sirve el TceNALL,48,2022-05-05 14:15:34.743665
14,No sirve el jjFpPaO,38,2022-05-05 14:15:34.743665
15,No sirve el EmxeyUR,5,2022-05-05 14:15:34.743665
16,No sirve el aCrRcxA,42,2022-05-05 14:15:34.743665
17,No sirve el VuNGDEx,49,2022-05-05 14:15:34.743665
18,No sirve el DmvmJpX,36,2022-05-05 14:15:34.743665
19,No sirve el bUqTpTE,28,2022-05-05 14:15:34.743665
20,No sirve el NyBPCqc,37,2022-05-05 14:15:34.743665
21,No sirve el jgBiLiq,3,2022-05-05 14:15:34.743665
22,No sirve el pfjJGrj,14,2022-05-05 14:15:34.743665
23,No sirve el wsMWFGX,29,2022-05-05 14:15:34.744663
24,No sirve el TxKHrXD,33,2022-05-05 14:15:34.744663
25,No sirve el DfOgRjk,41,2022-05-05 14:15:34.744663
26,No sirve el JRZSlYR,23,2022-05-05 14:15:34.744663
27,No sirve el isghENR,2,2022-05-05 14:15:34.744663
28,No sirve el eNIqzkZ,7,2022-05-05 14:15:34.744663
29,No sirve el WpjvnKC,33,2022-05-05 14:15:34.744663
30,No sirve el lHBkMoC,30,2022-05-05 14:15:34.744663
31,No sirve el KpkhDON,3,2022-05-05 14:15:34.744663
32,No sirve el mjTZpNq,5,2022-05-05 14:15:34.744663
33,No sirve el KaQlgcI,49,2022-05-05 14:15:34.744663
34,No sirve el vztklrw,8,2022-05-05 14:15:34.744663
35,No sirve el KvmvLRL,21,2022-05-05 14:15:34.744663
36,No sirve el PBoXLZS,36,2022-05-05 14:15:34.744663
37,No sirve el AuYlyqd,48,2022-05-05 14:15:34.744663
38,No sirve el aFcXMgm,25,2022-05-05 14:15:34.744663
39,No sirve el tDPveDJ,34,2022-05-05 14:15:34.744663
40,No sirve el GLowguM,1,2022-05-05 14:15:34.744663
41,No sirve el CQvkdFf,13,2022-05-05 14:15:34.744663
42,No sirve el PoWNHos,10,2022-05-05 14:15:34.744663
43,No sirve el ixeWCcx,4,2022-05-05 14:15:34.744663
44,No sirve el jnpYlEO,18,2022-05-05 14:15:34.744663
45,No sirve el mMOFhOJ,38,2022-05-05 14:15:34.744663
46,No sirve el yVHLRlO,4,2022-05-05 14:15:34.744663
47,No sirve el LzySQxV,31,2022-05-05 14:15:34.744663
48,No sirve el NuEpQIk,29,2022-05-05 14:15:34.744663
49,No sirve el QqEyttA,45,2022-05-05 14:15:34.744663
